"#","Reference","Qty","Short Description","Manufacturer","Manufacturer Part #","Supplier","Supplier Part #","Supplier Price ($)","Type","Package","Category","Subcategory"
"1","C1,C3,C15,C16","4","CAP CER 4.7UF 25V X7R 1206","Murata","GCM31CR71E475KA55K","DigiKey","490-11168-1-ND","0.33","SMD","1206 (3216 Metric)","Capacitor","Surface Mount MLCC"
"2","C2","1","CAP CER 10UF 25V X7R 1210","Murata","GCM32ER71E106KA57L","DigiKey","490-4798-1-ND","0.67","SMD","1210 (3225 Metric)","Capacitor","Surface Mount MLCC"
"3","C4,C11,C21,C26","4","CAP CER 1UF 25V X7R 0603","Murata","GCM188R71E105KA64D","DigiKey","490-10673-1-ND","0.19","SMD","0603 (1608 Metric)","Capacitor","Surface Mount MLCC"
"4","C7,C12,C17,C20,C25","5","CAP CER 0.1UF 25V X7R 0402","Murata","GCM155R71E104KE02D","DigiKey","490-16431-1-ND","0.11","SMD","0402 (1005 Metric)","Capacitor","Surface Mount MLCC"
"5","C8,C13,C19","3","CAP CER 10000PF 25V X7R 0402","Murata","GCM155R71E103KA37J","DigiKey","490-GCM155R71E103KA37JCT-ND","0.11","SMD","0402 (1005 Metric)","Capacitor","Surface Mount MLCC"
"6","C9,C10,C14","3","CAP CER 2.2UF 25V X7R 0805","Murata","GCM21BR71E225KA73L","DigiKey","490-4787-1-ND","0.43","SMD","0805 (2012 Metric)","Capacitor","Surface Mount MLCC"
"7","C18","1","CAP CER 6.8PF 25V C0G/NP0 0201","Murata","GCM0335C1E6R8CA16D","DigiKey","490-GCM0335C1E6R8CA16DCT-ND","0.1","SMD","0201 (0603 Metric)","Capacitor","Surface Mount MLCC"
"8","C22","1","CAP CER 4700PF 25V X7R 0402","Murata","GCM155R71E472KA37D","DigiKey","490-GCM155R71E472KA37DCT-ND","0.1","SMD","0402 (1005 Metric)","Capacitor","Surface Mount MLCC"
"9","C23","1","CAP CER 0.22UF 25V X7R 0603","Murata","GCM188R71E224KA55D","DigiKey","490-4935-1-ND","0.1","SMD","0603 (1608 Metric)","Capacitor","Surface Mount MLCC"
"10","C24","1","CAP CER 7.5PF 50V C0G/NP0 0402","Murata","GCM1555C1H7R5BA16D","DigiKey","490-GCM1555C1H7R5BA16DCT-ND","0.1","SMD","0402 (1005 Metric)","Capacitor","Surface Mount MLCC"
"11","D1","1","LED GREEN CLEAR 0603 SMD","Würth Elektronik","150060GS75000","DigiKey","732-4971-1-ND","0.15","SMD","0603 (1608 Metric)","Diode","Light Emitting Diode (LED)"
"12","D2","1","LED BLUE CLEAR 0603 SMD","Würth Elektronik","150060BS75000","DigiKey","732-4981-1-ND","0.16","SMD","0603 (1608 Metric)","Diode","Light Emitting Diode (LED)"
"13","D3","1","LED YELLOW CLEAR 0603 SMD","Würth Elektronik","150060YS75000","DigiKey","732-4981-1-ND","0.15","SMD","0603 (1608 Metric)","Diode","Light Emitting Diode (LED)"
"14","D4","1","LED RED CLEAR 0603 SMD","Würth Elektronik","150060RS75000","DigiKey","732-4978-1-ND","0.15","SMD","0603 (1608 Metric)","Diode","Light Emitting Diode (LED)"
"15","D5,D6","2","DIODE SCHOTTKY 30V 1A USC","Toshiba Semiconductor and Storage","CUS10S30,H3F","DigiKey","CUS10S30H3FCT-ND","0.36","SMD","SOD-323","Diode","Schottky Diode"
"16","J1,J3","2","CONN HEADER VERT 24POS 2.54MM","Würth Elektronik","61302411121","DigiKey","732-5331-ND","1.25","Through Hole","Nonstandard 24-pin","Connector Assembly","24-Pin Male Header"
"17","J2,J4","2","CONN HDR 24POS 0.1 TIN PCB","Sullins Connector Solutions","PPTC241LFBN-RC","DigiKey","S7022-ND","1.34","Through Hole","Nonstandard 24-pin","Connector Assembly","24-Pin Female Header"
"18","J5","1","BATTERY HOLDER 18350 SMD","Keystone","1096","DigiKey","36-1096-ND","5.02","Hybrid","Nonstandard 2-pin","Connector Assembly","Battery Header (18350)"
"19","J6","1","CONN HEADER SMD 3POS 2.54MM","Samtec Inc.","TSM-103-01-S-SV","DigiKey","SAM10787-ND","0.76","SMD","Nonstandard 3-pin","Connector Assembly","3-Pin Male Header"
"20","J8,J9,J10,J11,J12,J13,J14,J15,J16,J17,J18,J19","12","CONN RCPT 2POS 0.2 TIN PCB","Samtec Inc.","PSS-02-01-T-S","DigiKey","SAM12742-ND","1.89","SMD","Nonstandard 2-pin","Connector Assembly","2-Pin Female Header"
"21","J20,J22","2","WR-PHD 2.54 MM SOCKET HEADER 20","Würth Elektronik","61302011821","DigiKey","732-61302011821-ND","0.88","Through Hole","Nonstandard 20-pin","Connector Assembly","20-Pin Female Header"
"22","J21,J23","2","CONN HEADER VERT 20POS 2.54MM","Würth Elektronik","61302011121","DigiKey","732-5329-ND","1.16","Through Hole","Nonstandard 20-pin","Connector Assembly","20-Pin Male Header"
"23","L1,L2","2","FIXED IND 4.7UH 4.9A 15 MOHM SMD","EPCOS - TDK Electronics","B82464P4472M000","DigiKey","495-77086-1-ND","1.76","SMD","Nonstadard 2-pin","Inductor","Drum Core Inductor"
"24","OPA1","1","IC ZERO CROSS 2 CIRCUIT 8-VSSOP","Texas Instruments","OPA2323IDGKR","DigiKey","296-OPA2323IDGKRCT-ND","1.72","SMD","8-VSSOP","Op-Amp","Dual General Purpose Op-Amp"
"25","PMIC1","1","IC BATT CHG LI-ION 1CELL 20QFN","Microchip Technology","MCP73871-2CCI/ML","DigiKey","MCP73871-2CCI/ML-ND","2.41","SMD","20-QFN","Power Management Integrated Circuit (PMIC)","Battery Charger"
"26","PMIC3","1","IC REG LINEAR 2.5V 200MA SOT23-5","Texas Instruments","TPS79325DBVR","DigiKey","296-12156-1-ND","0.34","SMD","SOT23-5","Power Management IC","+2V5 LDO"
"27","PMIC4","1","IC REG CHARGE PUMP 200MA SOT23-6","Texas Instruments","LM2776DBVT","DigiKey","296-42300-1-ND","1.45","SMD","SOT23-6","Power Management IC","Charge Pump"
"28","PMIC5","1","IC REG LIN -2.5V 200MA SOT23-5","Texas Instruments","TPS72325QDBVRQ1","DigiKey","296-39479-1-ND","4.93","SMD","SOT23-5","Power Management IC","-2.5V LDO"
"29","PMIC6","1","IC REG BUCK BOOST ADJ DL 24VQFN","Texas Instruments","TPS65131RGET","DigiKey","296-17349-1-ND","4.64","SMD","24-VQFN","Power Management IC","Buck-Boost Converter"
"30","PMIC7","1","IC REG LINEAR 12V 500MA DPAK","Onsemi","MC78M12CDTRKG","DigiKey","MC78M12CDTRKGOSCT-ND","0.46","PMIC","DPAK","Power Management IC","+12V LDO"
"31","PMIC8","1","IC REG LINEAR -12V 500MA DPAK","Onsemi","MC79M12CDTRKG","DigiKey","MC79M12CDTRKGOSCT-ND","0.51","PMIC","DPAK","Power Management IC","-12V LDO"
"32","Q1,Q2,Q3","3","MOSFET N-CH 50V 220MA SOT23-3","Onsemi","BSS138","DigiKey","BSS138CT-ND","0.32","SMD","SOT23-3","Transistor","MOSFET (NCH)"
"33","Q4","1","MOSFET P-CH 30V 4A SOT23-3L","Alpha & Omega Semiconductor Inc.","AO3401A","DigiKey","785-1001-1-ND","0.52","SMD","SOT23-3","Transistor","MOSFET (PCH)"
"34","R1","1","RES 124K OHM 1% 1/10W 0402","Vishay","CRCW0402124KFKED","DigiKey","541-124KLCT-ND","0.10","SMD","0402 (1005 Metric)","Resistor","Surface Mount Think Film Resistor"
"35","R2","1","NTC Thermistor 10k 0402 (1005 Metric)","TDK","NTCG103JF103FT1","DigiKey","445-2550-1-ND","0.10","SMD","0402 (1005 Metric)","Resistor","Thermistor"
"36","R3","1","RES 976 OHM 1% 1/16W 0402","Vishay","CRCW0402976RFKED","DigiKey","541-976LCT-ND","0.10","SMD","0402 (1005 Metric)","Resistor","Surface Mount Think Film Resistor"
"37","R4,R5,R6,R7,R8,R9,R25,R30","8","RES 47K OHM 1% 1/16W 0402","Vishay","CRCW040247K0FKED","DigiKey","541-47.0KLCT-ND","0.10","SMD","0402 (1005 Metric)","Resistor","Surface Mount Think Film Resistor"
"38","R10,R11,R12,R13","4","RES 1K OHM 1% 1/16W 0402","Vishay","CRCW04021K00FKED","DigiKey","541-1.00KLCT-ND","0.10","SMD","0402 (1005 Metric)","Resistor","Surface Mount Think Film Resistor"
"39","R14","1","RES 20K OHM 1% 1/16W 0402","Vishay","CRCW040220K0FKED","DigiKey","541-20.0KLCT-ND","0.10","SMD","0402 (1005 Metric)","Resistor","Surface Mount Think Film Resistor"
"40","R15","1","RES 2K OHM 1% 1/16W 0402","Vishay","CRCW04022K00FKED","DigiKey","541-2.00KLCT-ND","0.10","SMD","0402 (1005 Metric)","Resistor","Surface Mount Think Film Resistor"
"41","R16","1","2W 0.100 OHMS 0.5% 2512","Ohmite","PCS2512DR1000ET","DigiKey","273-PCS2512DR1000ETCT-ND","0.88","SMD","2512 (6332 Metric)","Resistor","Surface Mount Think Film Resistor"
"42","R17,R18","2","RES 10K OHM 1% 1/16W 0402","Vishay","CRCW040210K0FKED","DigiKey","541-10.0KLCT-ND","0.10","SMD","0402 (1005 Metric)","Resistor","Surface Mount Think Film Resistor"
"43","R19,R20,R22","3","RES 30K OHM 1% 1/16W 0402","Vishay","CRCW040230K0FKED","DigiKey","541-30.0KLCT-ND","0.10","SMD","0402 (1005 Metric)","Resistor","Surface Mount Think Film Resistor"
"44","R21","1","RES 12K OHM 1% 1/16W 0402","Vishay","CRCW040212K0FKED","DigiKey","541-12.0KLCT-ND","0.10","SMD","0402 (1005 Metric)","Resistor","Surface Mount Think Film Resistor"
"45","R24","1","RES 100 OHM 1% 1/16W 0402","Vishay","CRCW0402100RFKED","DigiKey","541-100LCT-ND","0.10","SMD","0402 (1005 Metric)","Resistor","Surface Mount Think Film Resistor"
"46","R26,R29","2","RES 1M OHM 1% 1/16W 0402","Vishay","CRCW04021M00FKED","DigiKey","541-1.00MLCT-ND","0.10","SMD","0402 (1005 Metric)","Resistor","Surface Mount Think Film Resistor"
"47","R27","1","RES 91K OHM 1% 1/16W 0402","Vishay","CRCW040291K0FKED","DigiKey","541-91.0KLCT-ND","0.10","SMD","0402 (1005 Metric)","Resistor","Surface Mount Think Film Resistor"
"48","R28","1","RES 82.5K OHM 1% 1/16W 0402","Vishay","CRCW040282K5FKED","DigiKey","541-82.5KLCT-ND","0.10","SMD","0402 (1005 Metric)","Resistor","Surface Mount Think Film Resistor"
"49","TP1,TP2,TP3,TP5,TP6,TP7,TP8,TP9,TP10,TP11,TP12,TP13,TP14,TP15,TP16","15","PC TEST POINT MINIATURE","Keystone Electronics","5019","DigiKey","36-5019CT-ND","0.24","SMD","Nonstandard 1-pin","Test Point","Miniature Hook Test Point"
