"#","Reference","Short Description","Qty","Manufacturer","Manufacturer Part #","Supplier","Supplier Part #","Supplier Price ($)","Type","Package","Subcategory","Category"
"1","C1,C2,C3,C4,C5,C18,C19,C20,C21,C22,C23,C24,C25,C26","CAP CER 1UF 25V X7R 0603","14","Murata","GCM188R71E105KA64D","DigiKey","490-10673-1-ND","0.20","SMD","0603 (1608 Metric)","Surface Mount MLCC","Capacitor"
"2","C6,C7,C8,C9,C10,C11","CAP CER 0.1PF 50V C0G/NP0 0402","6","Murata","GJM1555C1HR10WB01D","DigiKey","490-11246-1-ND","0.14","SMD","0402 (1005 Metric)","Surface Mount MLCC","Capacitor"
"3","C12","CAP CER 0.2PF 50V C0G/NP0 0402","1","Murata","GJM1555C1HR20WB01D","DigiKey","490-11247-1-ND","0.14","SMD","0402 (1005 Metric)","Surface Mount MLCC","Capacitor"
"4","C13","CAP CER 1PF 50V C0G/NP0 0402","1","Murata","GJM1555C1H1R0WB01D","DigiKey","490-11193-1-ND","0.14","SMD","0402 (1005 Metric)","Surface Mount MLCC","Capacitor"
"5","C14","CAP CER 2PF 50V C0G/NP0 0402","1","Murata","GJM1555C1H2R0WB01D","DigiKey","490-11205-1-ND","0.14","SMD","0402 (1005 Metric)","Surface Mount MLCC","Capacitor"
"6","C15","CAP CER 6PF 25V C0G/NP0 0201","1","Murata","GJM0335C1E6R0WB01D","DigiKey","490-GJM0335C1E6R0WB01DCT-ND","0.14","SMD","0402 (1005 Metric)","Surface Mount MLCC","Capacitor"
"7","C16","CAP CER 16PF 50V C0G/NP0 0402","1","Murata","GCM1555C1H160FA16D","DigiKey","490-GCM1555C1H160FA16DCT-ND","0.10","SMD","0402 (1005 Metric)","Surface Mount MLCC","Capacitor"
"8","C17","CAP CER 47PF 50V C0G/NP0 0402","1","Murata","GJM1555C1H470FB01D","DigiKey","490-16376-1-ND","0.13","SMD","0402 (1005 Metric)","Surface Mount MLCC","Capacitor"
"9","C27","CAP CER 0.1UF 25V X7R 0402","1","Murata","GCM155R71E104KE02D","DigiKey","490-16431-1-ND","0.10","SMD","0402 (1005 Metric)","Surface Mount MLCC","Capacitor"
"10","DAIC1","IC ADC 16BIT 10-VSSOP","1","Texas Instruments","ADS1115IDGSR","DigiKey","MC79M12CDTRKGOSCT-ND","5.28","PMIC","10-VSSOP","16-Bit ADC","Data Acquisition IC"
"11","J1,J2","CONN HEADER VERT 20POS 2.54MM","2","Würth Elektronik","61302011121","DigiKey","732-5329-ND","1.16","Through Hole","Nonstandard 20-pin","20-Pin Male Header","Connector Assembly"
"12","J3,J4","CONN HDR 2POS 0.1 TIN SMD","2","Sullins Connector Solutions","NPTC021KFXC-RC","DigiKey","S5594-ND","0.51","SMD","Nonstandard 2-pin","2-Pin Female Header","Connector Assembly"
"13","J5","CONN FFC FPC TOP 36POS 0.5MM R/A","1","Molex","0541043631","DigiKey","WM8866CT-ND","3.03","SMD","Nonstandard 38-pin","36-Pin FPC Connector","Connector Assembly"
"14","J6","CONN HEADER VERT 15POS 2.54MM","1","Samtec Inc.","TSW-105-07-G-T","DigiKey","TSW-105-07-G-T-ND","1.58","Through Hole","Nonstandard 15-pin","15-Pin (3R, 5C) Male Header","Connector Assembly"
"15","J7","CONN HEADER VERT 12POS 2.54MM","1","Samtec Inc.","TSW-104-07-G-T","DigiKey","SAM10847-ND","1.46","Through Hole","Nonstandard 12-pin","12-Pin (3 x 5) Male Header","Connector Assembly"
"16","MUX1","IC MUX 16:1 170OHM 32WQFN","1","Texas Instruments","MUX36S16IRTVR","DigiKey","296-51473-1-ND","12.72","SMD","32-WFQFN Exposed Pad","16:1 Multiplexer","Multiplexer"
"17","MUX2","IC MUX 8:1 170OHM 16WQFN","1","Texas Instruments","MUX36S08IRUMR","DigiKey","296-49102-1-ND","6.94","SMD","16-WQFN Exposed Pad","8:1 Multiplexer","Multiplexer"
"18","OPA1,OPA3,OPA5,OPA6","OP AMP","4","Texas Instruments","OPA323IDCKR","DigiKey","296-OPA323IDCKRCT-ND","0.74","SMD","SOT-353","General Purpose Op-Amp (R-to-R, Low Voltage)","Op-Amp"
"19","OPA2","IC OPAMP GP 2 CIRCUIT 8VSSOP","1","Texas Instruments","OPA2192IDGKR","DigiKey","296-44480-1-ND","4.78","SMD","8-VSSOP","Dual General Purpose Op-Amp (R-to-R, High Voltage)","Op-Amp"
"20","OPA4","IC OPAMP GP 1 CIRCUIT 8SOIC","1","Texas Instruments","LMP7721MAX/NOPB","DigiKey","296-LMP7721MAX/NOPBCT-ND","5.55","SMD","8-SOIC","Electrometer Grade Op-Amp (R-to-R, Low Voltage)","Op-Amp"
"21","Q1,Q2,Q3,Q4,Q5,Q6,Q7,Q8,Q9","MOSFET N-CH 50V 220MA SOT23-3","9","Onsemi","BSS138","DigiKey","BSS138CT-ND","0.28","SMD","SOT23-3","MOSFET (NCH)","Transistor"
"22","R1,R2,R3,R4,R7,R8,R43,R44,R45","RES 10K OHM 1% 1/16W 0402","9","Vishay","CRCW040210K0FKED","DigiKey","541-10.0KLCT-ND","0.10","SMD","0402 (1005 Metric)","Surface Mount Think Film Resistor","Resistor"
"23","R5,R6,R9,R10","RES 73.2K OHM 1% 1/10W 0402","4","Vishay","CRCW040273K2FKED","DigiKey","541-73.2KLCT-ND","0.10","SMD","0402 (1005 Metric)","Surface Mount Think Film Resistor","Resistor"
"24","R11,R12,R13,R14,R15,R16,R17,R18,R19,R20,R21,R22,R23,R24,R25,R26,R27,R28","RES 47K OHM 1% 1/16W 0402","18","Vishay","CRCW040247K0FKED","DigiKey","541-47.0KLCT-ND","0.10","SMD","0402 (1005 Metric)","Surface Mount Think Film Resistor","Resistor"
"25","R29","RES SMD 10G OHM 10% 1/8W 0805","1","Ohmite","HVC0805Z1008KET","DigiKey","273-HVC0805Z1008KETCT-ND","6.86","SMD","0805 (2012 Metric)","Surface Mount Think Film Resistor","Resistor"
"26","R30","RES SMD 1G OHM 5% 1/8W 0805","1","Ohmite","HVC0805Z1007JET","DigiKey","273-HVC0805Z1007JETCT-ND","7.57","SMD","0805 (2012 Metric)","Surface Mount Think Film Resistor","Resistor"
"27","R31","RES 100M OHM 1% 1/5W 0805","1","Stackpole Electronics Inc","HVCB0805FDC100M","DigiKey","HVCB0805FDC100MCT-ND","4.09","SMD","0805 (2012 Metric)","Surface Mount Think Film Resistor","Resistor"
"28","R32","RES SMD 10M OHM 1% 1/8W 0805","1","Vishay","CRCW080510M0FKEA","DigiKey","541-10.0MCCT-ND","0.10","SMD","0805 (2012 Metric)","Surface Mount Think Film Resistor","Resistor"
"29","R33","RES SMD 1M OHM 1% 1/8W 0805","1","Vishay","CRCW08051M00FKEA","DigiKey","541-1.00MCCT-ND","0.10","SMD","0805 (2012 Metric)","Surface Mount Think Film Resistor","Resistor"
"30","R34","RES SMD 100K OHM 1% 1/8W 0805","1","Vishay","CRCW0805100KFKEA","DigiKey","541-100KCCT-ND","0.10","SMD","0805 (2012 Metric)","Surface Mount Think Film Resistor","Resistor"
"31","R35","RES SMD 10K OHM 1% 1/8W 0805","1","Vishay","CRCW080510K0FKEA","DigiKey","541-10.0KCCT-ND","0.10","SMD","0805 (2012 Metric)","Surface Mount Think Film Resistor","Resistor"
"32","R36","RES SMD 1K OHM 1% 1/8W 0805","1","Vishay","CRCW08051K00FKEA","DigiKey","541-1.00KCCT-ND","0.10","SMD","0805 (2012 Metric)","Surface Mount Think Film Resistor","Resistor"
"33","R37","RES 100K OHM 1% 1/16W 0402","1","Vishay","CRCW0402100KFKED","DigiKey","541-100KLCT-ND","0.10","SMD","0402 (1005 Metric)","Surface Mount Think Film Resistor","Resistor"
"34","R38,R39,R40,R41,R42","RES 66.5K OHM 1% 1/10W 0402","5","Vishay","CRCW040266K5FKED","DigiKey","541-66.5KLCT-ND","0.10","SMD","0402 (1005 Metric)","Surface Mount Think Film Resistor","Resistor"
"35","TP1,TP2,TP3,TP4,TP5,TP6,TP7,TP8,TP9,TP10,TP11,TP12,TP13,TP14,TP15,TP16,TP17,TP18","PC TEST POINT MINIATURE","18","Keystone Electronics","5019","DigiKey","36-5019CT-ND","0.24","SMD","Nonstandard 1-pin","Miniature Hook Test Point","Test Point"
